Title,URL,Upvotes,Comments,Posted On
Its a love hate relationship,https://i.redd.it/ahu3andmym2e1.png,38245,8,2024-11-23 19:23:32 +08
Whatâ€™s that thing on its head?,https://i.redd.it/b47af2qojq2e1.jpeg,44147,930,2024-11-24 07:26:30 +08
Gotta get me some of those,https://i.redd.it/06lbm9fapn2e1.png,11844,88,2024-11-23 21:52:58 +08
True story,https://i.redd.it/7dgezjmm3p2e1.jpeg,11460,152,2024-11-24 02:34:41 +08
You need blue,https://i.redd.it/yeleq4jwwo2e1.jpeg,11227,42,2024-11-24 01:56:58 +08
what? what was that you said?? WHAT?,https://i.redd.it/xhtz88l2zm2e1.jpeg,6474,23,2024-11-23 19:25:35 +08
It's all a sham,https://i.redd.it/ogo00cdmxl2e1.jpeg,5465,53,2024-11-23 15:55:38 +08
Who would win?,https://i.redd.it/smsvm3ichp2e1.png,3638,107,2024-11-24 03:55:30 +08
oh you liked that? ,https://i.redd.it/ae4oopp4qp2e1.jpeg,2870,10,2024-11-24 04:40:47 +08
Cleaning is a marathon not a sprint,https://i.redd.it/lghghl45bp2e1.jpeg,2322,11,2024-11-24 03:16:47 +08
Your three users will miss you,https://i.redd.it/9cg1ir19ym2e1.jpeg,1945,77,2024-11-23 19:20:58 +08
I am just a boy,https://i.redd.it/l4d1cc50fo2e1.jpeg,1657,65,2024-11-24 00:16:38 +08
A rare fetish,https://i.redd.it/9arn2frdcp2e1.jpeg,1539,147,2024-11-24 03:23:46 +08
It happens,https://i.redd.it/h2ouj1fqrn2e1.png,1264,8,2024-11-23 22:07:46 +08
Meeting meeting for meeting ,https://i.redd.it/ua10n65uin2e1.jpeg,1225,6,2024-11-23 21:16:21 +08
what even is that on his head?,https://i.redd.it/u3exasoe4q2e1.jpeg,1315,50,2024-11-24 06:00:48 +08
It's tough out there,https://i.redd.it/cew7931ctq2e1.jpeg,1182,17,2024-11-24 08:20:39 +08
Can't forget they probably have a pool as well,https://i.redd.it/9cxvdpcuaq2e1.png,1003,73,2024-11-24 06:37:54 +08
I canâ€™t stand modern rap ðŸ˜­,https://i.redd.it/ljeadnvikn2e1.jpeg,552,199,2024-11-23 21:25:48 +08
Meme about flipping,https://i.redd.it/a7zgasj2hm2e1.jpeg,510,2,2024-11-23 17:44:56 +08
